ISBN,TITLE,AUTHOR,PUBLISHER,YEAR,FOUND/NOT FOUND,LINK
9784776402787,アンネ・フランク : 短い生涯を日記に残した少女,アン・クレイマー,BL出版,2008,Not Found,No Link
9784101293714,アメリカはなぜイスラエルを偏愛するのか,佐藤唯行,新潮社,2009,Not Found,No Link
4480087931,モーセと一神教,ジークムント・フロイト,筑摩書房,2003,Not Found,No Link
9784065246269,我と汝,マルティン・ブーバー,講談社,2021,Not Found,No Link
9784895862288,コヘレト・エステル記,ミルトス・ヘブライ文化研究所,ミルトス,2017,Not Found,No Link
9784779125812,ユダヤ世界に魅せられて 増補版,広瀬佳司,彩流社,2019,Not Found,No Link
404704167X,日本人とユダヤ人,山本七平,角川書店,2004,Not Found,No Link
9784990808198,ユダヤの『タルムード』 : 世界攪亂の律法,デ・グラッベ,ともはつよし社,2015,Not Found,No Link
4882741393,アラブ人でもなくイスラエル人でもなく : 平和の架け橋となったパレスチナ人牧師,リア・アブ・エル=アサール,聖公会出版,2004,Not Found,No Link
9784805648162,聖誕教会包囲の真相 : 2002年ベトレヘム聖誕教会におけるパレスチナゲリラとイスラエル軍,"ジュゼッペ・ボナボロンタ,",サンパウロ,2003,Not Found,No Link
9784779110085,「戦争映画」が教えてくれる現代史の読み方 : キーワードはユダヤ人問題,福井次郎,彩流社,2007,Not Found,No Link
4784302077,舞姫 : エリス、ユダヤ人論,荻原雄一,至文堂,2001,"Held in Harvard-Yenching Library, Harvard University",https://id.lib.harvard.edu/alma/990087136980203941/catalog
9784865781069,竹山道雄セレクション 2,竹山道雄,藤原書店,2017,Not Found,No Link
9784764261655,旧約聖書における自然・歴史・王権,山我哲雄,教文館,2022,Not Found,No Link
4198611440,聖書に隠された日本・ユダヤ封印の古代史 2 (仏教・景教篇),"久保有政,",徳間書店,2000,Not Found,No Link
4591074234,きれいな絵なんかなかった : こどもの日々、戦争の日々,アニタ・ローベル,ポプラ社,2002,Not Found,No Link
9784337038011,海をわたったビスク・ドール,ジョーン・ホルブ,国土社,2014,Not Found,No Link
9784588151095,アーレント読本,日本アーレント研究会,法政大学出版局,2020,Not Found,No Link
9784309245379,自由であるということ : 旧約聖書を読む,エーリッヒ・フロム,河出書房新社,2010,Not Found,No Link
9784876988464,異教徒ローマ人に語る聖書 : 創世記を読む,秦剛平,京都大学学術出版会,2009,Not Found,No Link
4796627626,ビンラディンのイスラム教とユダヤ教、キリスト教,神辺四郎,宝島社,2002,Not Found,No Link
9784806805830,イラン・パペ、パレスチナを語る : 「民族浄化」から「橋渡しのナラティヴ」へ,イラン・パペ,柘植書房新社,2008,Not Found,No Link
9784750329031,ユダヤ教・キリスト教・イスラームは共存できるか : 一神教世界の現在,森孝一,明石書店,2008,Not Found,No Link
9784791765126,ホロコーストからガザへ : パレスチナの政治経済学,サラ・ロイ,青土社,2009,Not Found,No Link
9784794967176,カーター、パレスチナを語る : アパルトヘイトではなく平和を,ジミー・カーター,晶文社,2008,Not Found,No Link
4890138900,シャガール : わたしが画家になったわけ,ビンバ・ランドマン,西村書店,2006,Not Found,No Link
4400307514,ヘブライ人とギリシヤ人の思惟,トーレイフ・ボーマン,新教出版社,2003,Not Found,No Link
4763404571,ドイツ人女性たちの<誠実> : ナチ体制下ベルリン・ローゼンシュトラーセの静かなる抗議,幸津國生,花伝社,2005,Not Found,No Link
4797453605,聖地旅行 : ローマ・エジプト・イスラエル・ヨルダン,山田みち子,新風舎,2004,Not Found,No Link
4479300201,ユダヤ教vsキリスト教vsイスラム教 : 「宗教衝突」の深層,一条真也,大和書房,2006,"Held in Harvard-Yenching Library, Harvard University",https://id.lib.harvard.edu/alma/990102618870203941/catalog
4831820547,ユダヤ・キリスト・イスラーム・親鸞,狐野利久,法藏館,2003,"Held in Harvard-Yenching Library, Harvard University",https://id.lib.harvard.edu/alma/990113306070203941/catalog
9784779115288,カフカの〈中国〉と同時代言説 : 黄禍・ユダヤ人・男性同盟,川島隆,彩流社,2010,Not Found,No Link
9784271117681,ソール・ベロー研究 : 人間像と生き方の探求,半田拓也,大阪教育図書,2007,Not Found,No Link
9784001156508,賢者ナータンと子どもたち,ミリヤム・プレスラー,岩波書店,2011,Not Found,No Link
4944024886,パレスチナ問題研究序説 : 国連の分割決議成立過程と紛争の激化-1945～51年,木村申二,丸善プラネット,2000,Not Found,No Link
9784121021120,パレスチナ : 聖地の紛争,船津靖,中央公論新社,2011,Not Found,No Link
nan,ヒトラー・ホロコースト神話検証,木村愛二,木村書店,2006,Not Found,No Link
9784908830068,神道から観たヘブライ研究三部書 : 言霊学事始,小笠原孝次,和器出版,2017,Not Found,No Link
9784864711876,日本史超どんでん返し : 世界文明の玉手箱《沖縄》から飛び出す : 琉球は「ヘブライ」なり「平家」なり「マヤ・インカ」なり,"飛鳥昭雄,",ヒカルランド,2014,Not Found,No Link
4877311807,日本語-セム語族比較辞典 : 日本語・アッカド語・アラム語・ヘブライ語対照辞典、シュメール語付,飯島紀,国際語学社,2003,"Held in Harvard-Yenching Library, Harvard University",https://id.lib.harvard.edu/alma/990091887370203941/catalog
9784400127505,フィロンと新約聖書の修辞学,山田耕太,新教出版社,2012,Not Found,No Link
9784264040606,コンサイス聖書歴史地図,デイビッド・P・バレット,いのちのことば社,2019,Not Found,No Link
9784900963658,陰謀 : 史上最悪の偽書『シオンのプロトコル』の謎,ウィル・アイズナー,いそっぷ社,2015,"Held in Widener Library, Harvard University",https://id.lib.harvard.edu/alma/99155193310703941/catalog
nan,ドイツ現代美術における想起のかたち : ナチズム・ホロコーストをめぐる「記憶アート」の技法と歴史意識,香川檀,[香川檀],2013,Not Found,No Link
4773369612,テル・モンド監獄からの手紙 : 一人のイスラエル人入植者とテロ,エラ・ラパポート,近代文芸社,2003,Not Found,No Link
9784791770793,分かれ道 : ユダヤ性とシオニズム批判,ジュディス・バトラー,青土社,2019,"Held in Widener Library, Harvard University",https://id.lib.harvard.edu/alma/99155193299903941/catalog
9784816359422,感動がいっぱい!夢の伝記 : ヘレン・ケラー アンネ・フランク グレース・ケリー モンゴメリ レイチェル・カーソン,,ナツメ社,2015,Not Found,No Link
9784560510117,近東の地政学 : イスラエル、パレスチナ、近隣のアラブ諸国,アレクサンドル・ドゥフェ,白水社,2017,Not Found,No Link
9784582702873,トーラーの名において : シオニズムに対するユダヤ教の抵抗の歴史,ヤコヴ・M.ラブキン,平凡社,2010,Not Found,No Link
9784591107294,この人を見よ!歴史をつくった人びと伝 7 (アンネ・フランク),プロジェクト新・偉人伝,ポプラ社,2009,Not Found,No Link
nan,My cup of coffee : analyzing Starbucks as a social and cultural space in Japan and in Israel,Helena,[Helena Grinshpun],2009,Not Found,No Link
458800705X,ファシズム時代のシオニズム,レニ・ブレンナー,法政大学出版局,2001,"Held in Harvard-Yenching Library, Harvard University",https://id.lib.harvard.edu/alma/990088759810203941/catalog
9784874997222,イエスはユダヤ教より仏教に近い,長谷川洋三,考古堂書店,2009,Not Found,No Link
4764272148,テレビンの木陰で : 旧約聖書の研究と実践 : 大串元亮教授記念献呈論集,小友聡,教文館,2002,Not Found,No Link
9784569810157,図解比べてわかる!世界を動かす3宗教 : ユダヤ教・キリスト教・イスラム教,保坂俊司,PHP研究所,2013,Not Found,No Link
4815805180,寛容の文化 : ムスリム、ユダヤ人、キリスト教徒の中世スペイン,マリア・ロサ・メノカル,名古屋大学出版会,2005,Not Found,No Link
9784860642990,キリスト教・ユダヤ教・イスラム教の知識と英語を身につける,石井隆之,ベレ出版,2011,Not Found,No Link
9784837672081,ユダヤに伝わる健康長寿のすごい知恵 : 最新医学でわかった聖書の真実,石角完爾,マキノ出版,2014,Not Found,No Link
9784764219304,聖書古代誌 = Liber Antiquitatum Biblicarum,偽フィロン,教文館,2012,Not Found,No Link
4422214969,一神教の誕生 : ユダヤ教、キリスト教、イスラム教,オドン・ヴァレ,創元社,2000,Not Found,No Link
4764272237,「ヨブ記」論集成,並木浩一,教文館,2003,Not Found,No Link
4400427633,宗教間の対話と共生のために : エキュメニカルな指針,世界教会協議会,新教出版社,2006,Not Found,No Link
4537253703,宗教がわかれば中東情勢が読める : イスラム教vsキリスト教vsユダヤ教 : なぜ陰惨なテロや戦争が続くのか!?,白取春彦,日本文芸社,2006,"Held in Harvard-Yenching Library, Harvard University",https://id.lib.harvard.edu/alma/990102620140203941/catalog
9784764261594,イエスの「神の国」のイメージ : ユダヤ主義キリスト教への影響史,大貫隆,教文館,2021,Not Found,No Link
9784480067548,ユダヤ教キリスト教イスラーム : 一神教の連環を解く,菊地章太,筑摩書房,2013,Not Found,No Link
9784475001625,イディッシュ語辞典,上田和夫,大学書林,2010,"Held in Widener Library, Harvard University",https://id.lib.harvard.edu/alma/990131320570203941/catalog
9784828421995,みんな大好き陰謀論 : ダマされやすい人のためのリテラシー向上入門,内藤陽介,ビジネス社,2020,Not Found,No Link
nan,エズラ・パウンドとアメリカン・ファシズム : 人種と経済のユートピア幻想,"三宅昭良,",[三宅昭良],2001,Not Found,No Link
9784791769919,七十人訳ギリシア語聖書エレミヤ書,秦剛平,青土社,2017,Not Found,No Link
4623039536,帰依する世紀末 : ドイツ近代の原理主義者群像,竹中亨,ミネルヴァ書房,2004,Not Found,No Link
9784588008580,偶像崇拝 : その禁止のメカニズム,"モッシェ・ハルバータル,",法政大学出版局,2007,Not Found,No Link
9784908013690,空から見れば,ユバル・エルアザリィ,ワールドライブラリー,2016,Not Found,No Link
4061892061,かようびはシャンプー,ウーリー・オルレブ,講談社,2000,Not Found,No Link
9784309207599,クネレルのサマーキャンプ,エトガル・ケレット,河出書房新社,2018,Not Found,No Link
9784560083529,死の都の風景 : 記憶と心象の省察,オトー・ドフ・クルカ,白水社,2014,Not Found,No Link
4378007894,コルドバをあとにして,ドリット・オルガッド,さ・え・ら書房,2005,Not Found,No Link
4764219220,モエード,"長窪専三,",教文館,2005,Not Found,No Link
4790231623,シュクラーンぼくの友だち,ドリット・オルガッド,鈴木出版,2005,Not Found,No Link
9784764240339,古典ユダヤ教事典,長窪専三,教文館,2008,Not Found,No Link
9784895860505,もっと知りたい!イスラエル : 古くて新しい国★イスラエルの旅,平岡真一郎,エフ・エル・リンク,2017,Not Found,No Link
4594048404,愛と背徳の香り 下,ゼルヤ・シャレヴ,扶桑社,2004,Not Found,No Link
4820598465 4820598422,心の国境,デボラ・オメル,日本図書センター,2005,Not Found,No Link
9784895728836,白い池黒い池 : イランのおはなし,リタ・ジャハーン=フォルーズ,光村教育図書,2015,Not Found,No Link
4895862151,ヘブライ語聖書対訳シリーズ 21 (イザヤ書 2),ミルトス・ヘブライ文化研究所,ミルトス,2003,Not Found,No Link
9784166611430,知立国家イスラエル,米山伸郎,文藝春秋,2017,Not Found,No Link
4378007649,六号病室のなかまたち,ダニエラ・カルミ,さ・え・ら書房,2001,Not Found,No Link
9784052040344,ぼくのレオおじさん : ルーマニア・アルノカ平原のぼうけん,ヤネッツ・レヴィ,学研教育出版,2014,Not Found,No Link
9784895862257,民数記 2,ミルトス・ヘブライ文化研究所,ミルトス,2014,Not Found,No Link
4000263099,旧約聖書 3(預言書) 机上版,旧約聖書翻訳委員会,岩波書店,2005,Not Found,No Link
4000261843,旧約聖書 4,旧約聖書翻訳委員会,岩波書店,2005,Not Found,No Link
4061892355,おしゃぶりがおまもり,ウーリー・オルレブ,講談社,2003,Not Found,No Link
9784478822418,地球の歩き方 E05 イスラエル 2019～2020年版,地球の歩き方編集室,ダイヤモンド・ビッグ社,2018,Not Found,No Link
4003380215,詩篇 : 旧約聖書,関根正雄,岩波書店,1973,Not Found,No Link
4001155710,走れ、走って逃げろ,ウーリー・オルレブ,岩波書店,2003,Not Found,No Link
4400121356,イエスとパウロイスラエルの子,アンドレ・シュラキ,新教出版社,2005,Not Found,No Link
4265041744,砂のゲーム : ぼくと弟のホロコースト,ウーリー・オルレブ,岩崎書店,2000,Not Found,No Link
9784001164169,アンチ,ヨナタン・ヤヴィン,岩波書店,2019,Not Found,No Link
4378007959,ぼくによろしく,ガリラ・ロンフェデル・アミット,さ・え・ら書房,2006,Not Found,No Link
4880861480,石油の戦争とパレスチナの闇,ジョン・コールマン,成甲書房,2003,Not Found,No Link
9784309207803,銀河の果ての落とし穴 = FLY ALREADY,エトガル・ケレット,河出書房新社,2019,Not Found,No Link
4061892118,Tシャツのライオン,ウーリー・オルレブ,講談社,2001,Not Found,No Link
9784286113890,来るべき時への始まり,北島将志,文芸社,2016,Not Found,No Link
9784434286957,日本建国の秘密 ヤコブ編,斎藤敏一,日本建国社,2021,Not Found,No Link
9784805648247,聖書ヘブライ語,古代語研究会,サンパウロ,2009,Not Found,No Link
4059001104,封印の血脈 1,今野敏,学習研究社,2002,Not Found,No Link
405900149X,封印の血脈 3,今野敏,学習研究社,2002,Not Found,No Link
9784594085841,封印の血脈 3,スティーヴン・キング,扶桑社,2020,Not Found,No Link
9784904401538,国策国民屠殺用殺人鬼安倍晋三 : ユダヤに全日本人の屍と国土を売却 : 日米英仏連合で著者案略取の為に婚約者殺害脅迫,小林隆光,基礎論理物理学研究所,2013,Not Found,No Link
488719059X,日本の支配者ユダヤを撃て : 長銀・日債銀では国民の血税を兆単位で略奪,麻木林太郎,第一企画出版,2000,Not Found,No Link
9784434152948,聖地巡礼,竹越トヨ,群青社,2011,Not Found,No Link
9784105901264,あの素晴らしき七年,エトガル・ケレット,新潮社,2016,Not Found,No Link
9784908878121,國際秘密力の研究 : 【リアル版】戦争は奴らが作っている 下,船瀬俊介,ともはつよし社,2017,Not Found,No Link
4764272431,現代神学はどこへ行くか,森田雄三郎,教文館,2005,Not Found,No Link
9784130430616,世界の語り方 1 心と存在,"東大EMP,",東京大学出版会,2018,"Held in Harvard-Yenching Library, Harvard University",https://id.lib.harvard.edu/alma/99153702919603941/catalog
4862640400,わざうた,鈴木壹大,文芸社ビジュアルアート,2007,Not Found,No Link
9784862580313,品位ある社会 : 〈正義の理論〉から〈尊重の物語〉へ,アヴィシャイ・マルガリート,風行社,2017,Not Found,No Link
9784879843715,アカシアは花咲く : モンタージュ,デボラ・フォーゲル,松籟社,2018,Not Found,No Link
9784001156485,父さんの手紙はぜんぶおぼえた,タミ・シェム=トヴ,岩波書店,2011,Not Found,No Link
9784862580917,解放のパラドックス : 世俗革命と宗教的反革命,マイケル・ウォルツァー,風行社,2016,Not Found,No Link
9784001156409,くじらの歌,ウーリー・オルレブ,岩波書店,2010,Not Found,No Link
4338133066,羽がはえたら,ウーリー・オルレブ,小峰書店,2000,Not Found,No Link
9784271114734,ヴィリー,イズラエル・ジョシュア・シンガー,大阪教育図書,2007,Not Found,No Link
9784904401361,国策国民屠殺用子宮頸ガン治療不妊化ワクチン : 医療による交配支配と喰われたユダヤ教徒のキリスト教徒への復讐,小林隆光,基礎論理物理学研究所,2012,Not Found,No Link
4764272105,果てなき探究 : 旧約聖書の深みへ : 左近淑記念論文集,大野惠正,教文館,2002,Not Found,No Link
9784908878145,〈Newサムライバイブル〉 日本は聖書の国だった! : アマテラスの死と復活 : 失われた十部族エフライム族は日本人である!!,畠田秀生,ともはつよし社,2017,Not Found,No Link
9784864715119,〈超図解〉日本固有文明の謎はユダヤで解ける : なぜ天皇家の秘密の紋章はライオンとユニコーンなのか,"ノーマン・マクレオド,",ヒカルランド,2018,Not Found,No Link
9784105901165,突然ノックの音が,エトガル・ケレット,新潮社,2015,Not Found,No Link
9784764219281,世界の創造,アレクサンドリアのフィロン,教文館,2007,Not Found,No Link
4887190557,日本は情報操作天国 : 頭のいい人ほど誘導される,ロバート・オッペンハイマー,第一企画出版,2000,Not Found,No Link
9784779118302,ヘンリー・ジェイムズ『悲劇の詩神』を読む,藤野早苗,彩流社,2012,Not Found,No Link
4264018579,羊飼い・詩人・王 : ダビデの生涯から,F.B.マイアー,いのちのことば社,2000,Not Found,No Link
4641280495,中東紛争 : その百年の相克,鏡武,有斐閣,2001,Not Found,No Link
404295801X,ミュンヘン : 黒い九月事件の真実,アーロン・J.クライン,角川書店,2006,Not Found,No Link
9784036481705,世界のともだち 17,村田,偕成社,2014,Not Found,No Link
9784876988587,神の支配から王の支配へ : ダビデとソロモンの時代,秦剛平,京都大学学術出版会,2012,Not Found,No Link
9784275020468,ワルシャワから : 記憶の案内書 : トレブリンカ、ティコチン、パルミルィ、プルシュクフへ,尾崎俊二,御茶の水書房,2016,"Held in Widener Library, Harvard University",https://id.lib.harvard.edu/alma/99155178191203941/catalog
9784990673796,クバの島々の栄光,與儀喜美江,球陽出版,2019,Not Found,No Link
9784588009242,アウシュヴィッツ以後の神,ハンス・ヨーナス,法政大学出版局,2009,Not Found,No Link
9784622085850,トレブリンカの地獄 : ワシーリー・グロスマン前期作品集,ワシーリー・グロスマン,みすず書房,2017,Not Found,No Link
9784000245166,ヒトラーの国民国家 : 強奪・人種戦争・国民的社会主義,ゲッツ・アリー,岩波書店,2012,Not Found,No Link
9784881423547,日本とシオンの民 戦前編,栗山正博,創英社,2007,"Held in Harvard-Yenching Library, Harvard University",https://id.lib.harvard.edu/alma/990115460250203941/catalog
4818404551,神の王国,マルティン・ブーバー,日本キリスト教団出版局,2003,Not Found,No Link
9784593505449,小さなミンディの大かつやく,エリック・A・キメル,ほるぷ出版,2012,Not Found,No Link
9784393333563,恐れを超えて生きる,ハロルド・S・クシュナー,春秋社,2017,Not Found,No Link
9784863760264,終末を生きる,上智大学キリスト教文化研究所,リトン,2012,Not Found,No Link
9784879843067,ディアスポラの力を結集する : ギルロイ・ボヤーリン兄弟・スピヴァク,"赤尾光春,",松籟社,2012,Not Found,No Link
9784480510211,近代とホロコースト 完全版,ジグムント・バウマン,筑摩書房,2021,Not Found,No Link
9784864717816,ムーンマトリックス 1 新装版,デーヴィッド・アイク,ヒカルランド,2019,Not Found,No Link
9784062830508,コルチャック先生 : 子どもの権利条約の父,トメク・ボガツキ,講談社,2011,Not Found,No Link
9784037267704,マルベリーボーイズ,ドナ・ジョー・ナポリ,偕成社,2009,Not Found,No Link
9784904401408,国策国民屠殺用殺人相模鉄道 : 黒幕ユダヤを駆除せよ! : 沿線更新による死の商売,小林隆光,基礎論理物理学研究所,2012,Not Found,No Link
9784905497899,共和国と豚,ピエール・ビルンボーム,吉田書店,2020,Not Found,No Link
4779111846,語源で探るユダヤ・キリストの逆コード,奥田継夫,彩流社,2006,"Held in Harvard-Yenching Library, Harvard University",https://id.lib.harvard.edu/alma/990102618090203941/catalog
9784652200865,リフカの旅,カレン・ヘス,理論社,2015,Not Found,No Link
9784333028757,あの子は、わたし。 : ホロコーストを演じた「いとしま8・6平和劇」,ささきあり,佼成出版社,2022,Not Found,No Link
9784286207810,前方後円墳のあの形は古代文字だった : それは秦氏の神を文字で表すモチーフ,小谷展宏,文芸社,2019,Not Found,No Link
nan,アメリカン・ドリームとホロコーストの諸問題,ジョン・ロス,同志社,2002,Not Found,No Link
9784864714259,天皇とユダヤとキリストそしてプレアデス・メシアメジャー : これが黄金の《地球ラスト文明》のコアとなる,"赤塚高仁,",ヒカルランド,2016,Not Found,No Link
9784198622916,ユダヤ・キリスト教「世界支配」のカラクリ : ニーチェは見抜いていた,"ベンジャミン・フルフォード,",徳間書店,2007,Not Found,No Link
9784784513284,記念碑論争 : ナチスの過去をめぐる共同想起の闘い : 1988～2006年,米沢薫,社会評論社,2009,Not Found,No Link
9784773631050,ロシアの文豪が子供のころ聞いた旧約聖書物語 下,アレクサンドル・ソコロフ,凱風社,2007,Not Found,No Link
9784779123788,彷徨える魂たちの行方 : ソール・ベロー後期作品論集,日本ソール・ベロー協会,彩流社,2017,Not Found,No Link
9784896424607,十三本のパイプ,イリヤ・エレンブルグ,未知谷,2014,Not Found,No Link
nan,てぃんぬてぃーだ,與儀喜美江,サンエムカラー,2014,Not Found,No Link
4882741482,天国に行くための8つの知恵,ハロルド・S.クシュナー,聖公会出版,2005,Not Found,No Link
4894232634,悲しすぎる夏,和田登,文溪堂,2000,Not Found,No Link
9784904401446,国策国民屠殺用鶴見漕艇場 : 善意を悪意で返すユダヤ! : 新エネルギー計画は返してもらう!,小林隆光,基礎論理物理学研究所,2012,Not Found,No Link
9784887501409,ふたりの星,ロイス=ローリー,童話館出版,2013,Not Found,No Link
9784585221920,近代日本の偽史言説 : 歴史語りのインテレクチュアル・ヒストリー,小澤実,勉誠出版,2017,"Held in Harvard-Yenching Library, Harvard University",https://id.lib.harvard.edu/alma/990152984270203941/catalog
9784344916937,隠された「ダビデの星」 : 東寺曼荼羅と平城京外京,石川雅晟,幻冬舎メディアコンサルティング,2018,Not Found,No Link
4056029113,「図説」中東戦争全史,,学習研究社,2002,Not Found,No Link
9784750331713,ドイツのマイノリティ : 人種・民族、社会的差別の実態,"浜本隆志,",明石書店,2010,Not Found,No Link
4769810199,サキエル氏のパスポート : 愛と幻の満州国へ,石黒健治,光人社,2001,"Held in Harvard-Yenching Library, Harvard University",https://id.lib.harvard.edu/alma/990102884440203941/catalog
9784884182892,喋る馬,バーナード・マラマッド,スイッチ・パブリッシング,2009,Not Found,No Link
9784862653802,黄金を食う神 : 金融危機の真犯人を追って,森和朗,鳥影社,2012,Not Found,No Link
4037266709,シュトルーデルを焼きながら,ジョアン・ロックリン,偕成社,2000,Not Found,No Link
9784198627478,「地の叡智」日月神示 : ユダヤとの結び/石屋との和合,中矢伸一,徳間書店,2009,Not Found,No Link
9784902740042,聖書の地駆け足歴史散歩 : イスラエル・ヨルダン・シリア・レバノン,大原正明,出版工房ケンブリッジ,2008,Not Found,No Link
4054026745,古代出雲イスラエル王国の謎 : 神社に隠された日本人のルーツ,小石豊,学習研究社,2005,Not Found,No Link
nan,"下ガリラヤの3,000年 : イスラエル、テル・レヘシュ遺跡の発掘調査","天理大学文学部考古学・民俗学研究室,",天理大学,2011,Not Found,No Link
4990208315,現代ヘブライ語辞典 改版,キリスト聖書塾編集部,日本ヘブライ文化協会,2003,Not Found,No Link
4560006415,ヘブライ語のかたち,山森みか,白水社,2004,Not Found,No Link
9784560086438,ヘブライ語のかたち 新版,山森みか,白水社,2013,Not Found,No Link
9784883033584,現代イスラエルにおけるイディッシュ語個人出版と言語学習活動,鴨志田聡子,三元社,2014,Not Found,No Link
4990208307,ヘブライ語入門 第3版,キリスト聖書塾編集部,日本ヘブライ文化協会,2004,Not Found,No Link
4560067600,現代ヘブライ語,山田恵子,白水社,2005,Not Found,No Link
9784895860420,現代日本語・ヘブライ語辞典,ミルトス・ヘブライ文化研究所,ミルトス,2013,Not Found,No Link
403652500X,私のアンネ=フランク,松谷みよ子,偕成社,2005,Not Found,No Link
9784560088159,ニューエクスプレス+古典ヘブライ語,山田恵子,白水社,2019,Not Found,No Link
9784560088487,ニューエクスプレス+現代ヘブライ語,山田恵子,白水社,2019,"Held in Widener Library, Harvard University",https://id.lib.harvard.edu/alma/99155193307303941/catalog
9784560086070,ニューエクスプレス古典ヘブライ語,山田恵子,白水社,2012,Not Found,No Link
9784560086407,ニューエクスプレス現代ヘブライ語,山田恵子,白水社,2013,Not Found,No Link
nan,ピカソ-ひらめきの原点 = Pablo Picasso drawing inspiration : イスラエル博物館所蔵,,NHKプロモーション,2022,Not Found,No Link
9784901213530,エチオピア音楽民族誌 : ファラシャ/エチオピア正教/望郷歌,ケイ・カウフマン・シェレメイ,アルク出版企画,2009,Not Found,No Link
9784087207255,一神教と国家 : イスラーム、キリスト教、ユダヤ教,"内田樹,",集英社,2014,"Held in Harvard-Yenching Library, Harvard University",https://id.lib.harvard.edu/alma/990143758590203941/catalog
9784121506887,宗教別おもてなしマニュアル : イスラム、ヒンズー、ユダヤ教……,島田裕巳,中央公論新社,2020,Not Found,No Link
4569655777,原理主義から世界の動きが見える : キリスト教・イスラーム・ユダヤ教の真実と虚像,"小原克博,",PHP研究所,2006,Not Found,No Link
9784863760639,現代ヘブライ語における前置詞の重要性 : ヘブライ語の歴史と発展に関する一考察,アダ,リトン,2018,"Held in Widener Library, Harvard University",https://id.lib.harvard.edu/alma/99155178189003941/catalog
9784152097903,エドガルド・モルターラ誘拐事件 : 少年の数奇な運命とイタリア統一,デヴィッド・I・カーツァー,早川書房,2018,"Held in Widener Library, Harvard University",https://id.lib.harvard.edu/alma/99155193300803941/catalog
nan,超級的外国衛視世界偵探 v.2 (東南アジア諸国、ロシア、イスラエル、中東、その他編) 第2版,まあべる,まあべる本舗,2005,Not Found,No Link
9784895722667,ママ、もうねるじかんだよ,ヒリット・ブルーム,光村教育図書,2021,Not Found,No Link
4003241894,ロマンツェーロー 下,ハイネ,岩波書店,1951,Not Found,No Link
9784054063853,失われた卑弥呼の金印「親魏倭王」の謎 : 邪馬台国はキリストの預言者が治める極東イスラエル王国「ヤマト」だった!!,"飛鳥昭雄,",学研プラス,2016,Not Found,No Link
9784062199148,ちいさなプリンセスソフィアふたごのおたんじょうび,アンドレア・P.サンチェス,講談社,2016,Not Found,No Link
9784818408678,並木浩一著作集 3 (旧約聖書の水脈),並木浩一,日本キリスト教団出版局,2014,Not Found,No Link
4039231600,世界のむかし話 : 二年生,ときありえ,偕成社,2001,Not Found,No Link
9784797254570,テロリズムの法的規制,初川満,信山社,2009,Not Found,No Link
4818405957,浅野順一,浅野順一,日本キリスト教団出版局,2005,Not Found,No Link
9784887206229,施設で育つ世界の子どもたち,"マーク・E.コートニー,",筒井書房,2010,Not Found,No Link
9784163766409,学校では教えない「社会人のための現代史」,池上彰,文藝春秋,2013,Not Found,No Link
4622036835,戦争とプロパガンダ 2,エドワード・W.サイード,みすず書房,2002,Not Found,No Link
4622036819,戦争とプロパガンダ,エドワード・W.サイード,みすず書房,2002,Not Found,No Link
4062120550,中東虚構の和平,ノーム・チョムスキー,講談社,2004,Not Found,No Link
9784562047611,第三次中東戦争全史,マイケル・B.,原書房,2012,Not Found,No Link
4150503044,ミュンヘン : オリンピック・テロ事件の黒幕を追え,"マイケル・バー=ゾウハー,",早川書房,2006,Not Found,No Link
4880861448,パレスチナ大虐殺,"マイケル・ホフマン,",成甲書房,2003,Not Found,No Link
4061497693,まんがパレスチナ問題,山井教雄,講談社,2005,Not Found,No Link
9784062883313,まんがパレスチナ問題 続 (「アラブの春」と「イスラム国」),山井教雄,講談社,2015,Not Found,No Link
405901074X,中東戦争全史,山崎雅弘,学習研究社,2001,Not Found,No Link
9784022618726,中東戦争全史 新版,山崎雅弘,朝日新聞出版,2016,Not Found,No Link
480740217X,パレスチナ分割 : パレスチナ問題研究序説,木村申二,第三書館,2002,Not Found,No Link
4566024024,ぼくたちの砦,エリザベス・レアード,評論社,2006,Not Found,No Link
9784894490543,マンガ聖書の時代の人々と暮らし,"シルヴィア・ガスタルディ,",バベルプレス,2007,Not Found,No Link
4879195812,ユダヤ・キリスト教VSイスラム : <米国同時多発テロ>の真相がわかる : 監獄の一神教が世界犯罪を行なってきた!,太田龍,三交社,2001,"Held in Harvard-Yenching Library, Harvard University",https://id.lib.harvard.edu/alma/990089115700203941/catalog
9784087880557,よくわかる一神教 : ユダヤ教、キリスト教、イスラム教から世界史をみる,佐藤賢一,集英社,2021,Not Found,No Link
4896918797,憎悪の宗教 : ユダヤ・キリスト・イスラム教と「聖なる憎悪」,定方晟,洋泉社,2005,Not Found,No Link
9784876561599,思い起こそう父のみこころ : ユダヤ・キリスト教の霊性の流れのなかで,石丸志信,光言社,2010,Not Found,No Link
9784801005211,歴史のなかのスペイン : キリスト教徒、モーロ人、ユダヤ人,アメリコ・カストロ,水声社,2021,Not Found,No Link
9784812493908,猫は音楽を奏でる,『ねこ新聞』編集部,竹書房,2013,Not Found,No Link
9784052034510,10分で読める伝記 5年生,塩谷京子,学研教育出版,2011,Not Found,No Link
9784887084070,ドイツの歴史百話,坂井榮八郎,刀水書房,2012,Not Found,No Link
nan,大和書房の五十年,,大和書房,2011,Not Found,No Link
4874406831,言語学論集 : 古浦敏生先生御退官記念,古浦敏生先生御退官記念論文集編集委員会,古浦敏生先生御退官記念論文集編集委員会,2002,Not Found,No Link
9784641137189,日本民法学の新たな時代 : 星野英一先生追悼,"高翔龍,",有斐閣,2015,Held in None,https://id.lib.harvard.edu/alma/990146051830203941/catalog
9784889008883,兵庫の平和史跡ガイド : 戦争遺跡は語る,"兵庫の「語りつごう戦争」展の会,",日本機関紙出版センター,2013,Not Found,No Link
9784585225133,現代ドイツへの視座 = Neue Forschungen zur deutschen Zeitgeschichte : 歴史学的アプローチ 2,,勉誠出版,2020,Not Found,No Link
9784074126590,頭のいい子を育てる女の子のおはなし : ハンディタイプ : おでかけに最適!軽くて持ち運びやすい,主婦の友社,主婦の友社,2016,Not Found,No Link
9784816357282,やさしい思いやりの心をはぐくむ女の子のお話 : 珠玉の100話,内田伸子,ナツメ社,2014,Not Found,No Link
9784641149212,アメリカ政治史 = A History of American Politics,久保文明,有斐閣,2018,Not Found,No Link
9784641124035,アメリカ政治 新版,"久保文明,",有斐閣,2010,Not Found,No Link
9784766126877,古代文字 = ANCIENT WRITINGS 新装版,日向数夫,グラフィック社,2014,Not Found,No Link
nan,私が出逢った美術家たち,菊地明子,時の美術社,2015,Not Found,No Link
9784314011549,アウシュヴィッツの歯科医,ベンジャミン・ジェイコブス,紀伊國屋書店,2018,"Held in Widener Library, Harvard University",https://id.lib.harvard.edu/alma/99155178190503941/catalog
9784621084786,生命倫理学の基本構図,"今井道夫,",丸善出版,2012,Not Found,No Link
9784873544571,ベルリン文学地図,宇佐美幸彦,関西大学出版部,2008,Not Found,No Link
9784815809546,イギリス歴史人口学研究 : 社会統計にあらわれた生と死,安元稔,名古屋大学出版会,2019,Not Found,No Link
4887136757,判例国際法 第2版,松井芳郎,東信堂,2006,Held in None,https://id.lib.harvard.edu/alma/990099939290203941/catalog
9784641184527,ケースブックアメリカ経営史 = Casebook American Business History 新版,"安部悦生,",有斐閣,2020,Not Found,No Link
4884101901,新聞集成昭和編年史 昭和27年版 6,明治大正昭和新聞研究会,新聞資料出版,2003,Not Found,No Link
4884101995,新聞集成昭和編年史 昭和29年版 3,明治大正昭和新聞研究会,新聞資料出版,2005,Not Found,No Link
9784884102524,新聞集成昭和編年史 昭和34年版 4 (自7月-至8月),明治大正昭和新聞研究会,新聞資料出版,2011,Not Found,No Link
9784884102647,新聞集成昭和編年史 昭和35年版 4 (自7月-至8月),明治大正昭和新聞研究会,新聞資料出版,2013,Not Found,No Link
9784130800204,文字の都市 : 世界の文学・文化の現在10講,柴田元幸,東京大学出版会,2007,"Held in Harvard-Yenching Library, Harvard University",https://id.lib.harvard.edu/alma/990115812220203941/catalog
nan,都市と文化,松岡光治,名古屋大学大学院・国際言語文化研究科,2004,Not Found,No Link
9784887084353,イタリアの黒死病関係史料集,石坂尚武,刀水書房,2017,Not Found,No Link
9784562040674,日本人教育の条件 : グローバル化と人間形成,"西村俊一,",原書房,2007,Not Found,No Link
9784750344553,批判的教育学事典,"マイケル・W・アップル,",明石書店,2017,"Held in Harvard-Yenching Library, Harvard University",https://id.lib.harvard.edu/alma/990149467620203941/catalog
9784779115967,D.H.ロレンス全詩集 : 完全版,D.H.ロレンス,彩流社,2011,Not Found,No Link
nan,クルーズの歴史 : 私家版,山田廸生,山田廸生,2015,Not Found,No Link
9784779305924,デリダのポリティカル・エコノミー = Derrida's Political Economy : パレルゴン・自己免疫・暴力,田島樹里奈,北樹出版,2019,Not Found,No Link
nan,「文化」の解読(15) : 文化と翻訳,大阪大学大学院言語文化研究科,大阪大学大学院言語文化研究科,2015,Not Found,No Link
4895283704 4895283747,車掌の本分 : ほか,"星新一,",光村図書出版,2005,Not Found,No Link
9784905497158,選挙と民主主義,岩崎正洋,吉田書店,2013,"Held in Harvard-Yenching Library, Harvard University",https://id.lib.harvard.edu/alma/990140810440203941/catalog
4654001573,胎生論心理学,浜畑紀,黎明書房,2005,Not Found,No Link
9784864980432,世界の貝大図鑑 : 形態・生態・分布,"M.G.ハラセウィッチ,",柊風舎,2017,Not Found,No Link
9784760146086,トイレ学大事典,日本トイレ協会,柏書房,2015,"Held in Harvard-Yenching Library, Harvard University",https://id.lib.harvard.edu/alma/990145049520203941/catalog
9784621079225,応用倫理学事典,加藤尚武,丸善,2008,Not Found,No Link
4490205791,実験音声学と一般言語学 : 城生佰太郎博士還暦記念論文集,城生佰太郎博士還暦記念論文集編集委員会,東京堂出版,2006,Not Found,No Link
nan,文学研究・文化研究の方法とグローバル展開を探る,堀まどか,大阪市立大学大学院文学研究科都市文化研究センター,2020,Not Found,No Link
9784846019853,近代出版史探索 4,小田光雄,論創社,2020,"Held in Harvard-Yenching Library, Harvard University",https://id.lib.harvard.edu/alma/99154214249703941/catalog
9784130637084,宇宙観5000年史 = Five Thousand Years of Cosmic Visions : 人類は宇宙をどうみてきたか,"中村士,",東京大学出版会,2011,Not Found,No Link
4641161151,ドイツ社会史,"矢野久,",有斐閣,2001,Not Found,No Link
9784198632922,GHQ焚書図書開封 6 (日米開戦前夜),西尾幹二,徳間書店,2011,Not Found,No Link
9784254201246,ガラスの百科事典,"作花済夫,",朝倉書店,2007,Not Found,No Link
4000226045,グノーシス異端と近代,大貫隆,岩波書店,2001,Not Found,No Link
4000226037,グノーシス陰の精神史,大貫隆,岩波書店,2001,Not Found,No Link
9784636880793,偉大なるヴァイオリニストたち : クライスラーからクレーメルへの系譜 : 全50人の演奏CD-ROM付き,ジャン=ミシェル・モルク,ヤマハミュージックメディア,2012,Not Found,No Link
9784636895865,偉大なるオペラ歌手たち 男声編 (カルーソー、シャリアピンから三大テノールへの系譜),リシャール・マルテ,ヤマハミュージックメディア,2014,Not Found,No Link
9784324106709,歴史家の調弦,上智大学文学部史学科,Sophia University Press上智大学出版,2019,Not Found,No Link
432012040X,文字符号の歴史 アジア編,三上喜貴,共立出版,2002,Not Found,No Link
9784882670698,外科の歴史 : 近代外科の生い立ち 改訳新版,W.J.ビショップ,時空出版,2019,Not Found,No Link
9784535984325,病いと癒しの人間史 = Human History of Healing and Disease : ペストからエボラウイルスまで,岡田晴恵,日本評論社,2015,Not Found,No Link
nan,潰瘍性大腸炎HLA領域の高密度二塩基反復配列多型を用いた同祖的保存領域の確定 : 連鎖不平衡マッピングによる潰瘍性大腸炎疾患感受性遺伝子同定を目指して,"本間照,",[本間照],2001,Not Found,No Link
9784284202466,切手が語る医学のあゆみ,古川明,日本図書センター,2013,Not Found,No Link
4487797268,図説聖書の大地,ロバータ・L.ハリス,東京書籍,2003,Not Found,No Link
4336040869,図説服装の歴史 上,アドルフ・ローゼンベルク,国書刊行会,2001,Not Found,No Link
4409040561,越境する想像力,モダニズム研究会,人文書院,2002,"Held in Harvard-Yenching Library, Harvard University",https://id.lib.harvard.edu/alma/990096184600203941/catalog
4921201331,イン・コンテクスト : Epistemological frameworks and literary texts,"鷲津浩子,",「Epistemological frameworkと英米文学」研究会,2003,Not Found,No Link
4276142237,ドイツ・リートへの誘い : 名曲案内からドイツ語発音法・実践まで,梶木喜代子,音楽之友社,2004,Not Found,No Link
9784903487960,西アジア文明学への招待 = Invitation to Ancient West Asian Civilizations,筑波大学西アジア文明研究センター,悠書館,2014,Not Found,No Link
9784775519820,"原発ゼロで日本は滅ぶ : ""非科学""福島セシウム避難の国家犯罪","中川八洋,",オークラ出版,2012,Not Found,No Link
9784864450553,日本外交文書 昭和期 3 第3巻 (昭和12-16年移民問題・雑件),外務省,白峰社,2014,"Held in Harvard-Yenching Library, Harvard University",https://id.lib.harvard.edu/alma/990145978170203941/catalog
9784121101167,大航海時代の日本人奴隷 : アジア・新大陸・ヨーロッパ 増補新版,"ルシオ・デ・ソウザ,",中央公論新社,2021,Not Found,No Link
9784000610018,上海の日本人社会とメディア : 1870-1945 : 共同研究,"和田博文,",岩波書店,2014,"Held in Harvard-Yenching Library, Harvard University",https://id.lib.harvard.edu/alma/990142666820203941/catalog
4285101785,ジャズ・ピアノ・プロムナード : piano solo v.2,はじひろし,ドレミ楽譜出版社,2004,Not Found,No Link
9784286132402,彗星衝突による縄文超々巨大津波,岩淵國人,文芸社,2013,Not Found,No Link
9784797227611,法学上の発見と民法,小野秀誠,信山社出版,2016,Held in None,https://id.lib.harvard.edu/alma/990150012440203941/catalog
9784095260792,太陽系大地図 : 星の地図館,"渡部潤一,",小学館,2009,Not Found,No Link
9784903487069,知の版図 : 知識の枠組みと英米文学,"鷲津浩子,",悠書館,2007,Not Found,No Link
9784882163084,ミサ曲・賛歌集 : 会衆用 改訂版,新垣壬敏,聖母の騎士社,2009,Not Found,No Link
9784865781137,主役としての近代 〔竹山道雄セレクション(全4巻) 第4巻〕,竹山道雄,藤原書店,2017,Not Found,No Link
4887083343,三笠宮殿下米壽記念論集,三笠宮殿下米寿記念論集刊行会,刀水書房,2004,"Held in Harvard-Yenching Library, Harvard University",https://id.lib.harvard.edu/alma/990100134410203941/catalog
4887062397,世界の美術館 : 未来への架け橋,"ヴィットリオ・マニャーゴ・ランプニャーニ,",TOTO出版,2004,Not Found,No Link
9784285139082,岡林信康・アルバム : レコード・コピー・ギター弾き語り 復刻版,,ドレミ楽譜出版社,2014,Not Found,No Link
9784000272292,近代日本の音楽百年 : 黒船から終戦まで 第4巻,細川周平,岩波書店,2020,"Held in Harvard-Yenching Library, Harvard University",https://id.lib.harvard.edu/alma/99155258414003941/catalog
9784385366166,新しい世界の伝記ライフ・ストーリーズ 5,宮川健郎,三省堂,2020,"Held in Widener Library, Harvard University",https://id.lib.harvard.edu/alma/99155193308503941/catalog
4264021685,世界宣教の展望,"ラルフ・D.ウィンター,",いのちのことば社,2003,Not Found,No Link
9784902084641,パリ = Paris 1 (19世紀の首都),喜多崎親,竹林舎,2014,Not Found,No Link
9784093884679,逆説の世界史 = AN UPSIDE-DOWN HISTORY OF THE WORLD 2,井沢元彦,小学館,2016,Not Found,No Link
nan,ドイツ・文学の描くその紋様 : 棗田光行先生退職記念論集,棗田光行先生退職記念論集編集委員会,棗田光行先生退職記念論集編集委員会,2002,Not Found,No Link
nan,平和学論集 : 長期的共同研究組織「平和研究」 3,,大阪産業大学産業研究所,2005,Not Found,No Link
9784846008819,戦後出版史 : 昭和の雑誌・作家・編集者 : 戦後出版界40年の興亡史,塩澤実信,論創社,2010,"Held in Harvard-Yenching Library, Harvard University",https://id.lib.harvard.edu/alma/990127078930203941/catalog
4890071482,空気マイナスイオン実用ハンドブック : バイオ・農畜産・医療・環境生理,"琉子友男,",人間と歴史社,2003,Not Found,No Link
4811380576,平和を求めた人びと,歴史教育者協議会,汐文社,2005,Not Found,No Link
9784903487540,ルネサンス人物列伝,"ロバート・デイヴィス,",悠書館,2012,Not Found,No Link
9784772290098,ルクリュの19世紀世界地理 第1期セレクション5,エリゼ・ルクリュ,古今書院,2018,Not Found,No Link
9784130611800,ロシア宇宙開発史 = A HISTORY OF SPACE DEVELOPMENT IN RUSSIA : 気球からヴォストークまで,冨田信之,東京大学出版会,2012,Not Found,No Link
406212100X,総説・図説旧約聖書大全,ジョン・ドレイン,講談社,2003,Not Found,No Link
9784880083988,大海の光 : ステフィとネッリの物語,アニカ・トール,新宿書房,2009,Not Found,No Link
4764272318,関根正雄著作集 別巻 (補遺),関根正雄,教文館,2004,Not Found,No Link
9784621084922,シリーズ生命倫理学 15,シリーズ生命倫理学編集委員会,丸善出版,2012,Not Found,No Link
9784621084823,シリーズ生命倫理学 5,シリーズ生命倫理学編集委員会,丸善出版,2012,Not Found,No Link
9784585291404,昭和文学の上海体験,大橋毅彦,勉誠出版,2017,"Held in Harvard-Yenching Library, Harvard University",https://id.lib.harvard.edu/alma/990149794650203941/catalog
9784779113970,北米の小さな博物館 : 「知」の世界遺産 2,北米エスニシティ研究会,彩流社,2009,Not Found,No Link
9784894730809,資料体系アジア・アフリカ国際関係政治社会史 第10巻 35b (アジア・アフリカ便覧 1. 2 (アジア)),浦野起央,パピルス出版,2015,Not Found,No Link
nan,欧米言語文化論集 = Studies on European and American languages and cultures 3,"大友展也,",岩手大学人文社会科学部国際文化課程欧米言語文化コース,2018,Not Found,No Link
9784582808131,インドの驚異譚 : 10世紀〈海のアジア〉の説話集 1,ブズルク・ブン・シャフリヤール,平凡社,2011,"Held in Harvard-Yenching Library, Harvard University",https://id.lib.harvard.edu/alma/990146530980203941/catalog
9784309624723,思想史の名脇役たち : 知られざる知識人群像,合田正人,河出書房新社,2014,Not Found,No Link
9784870852051,学術出版の技術変遷論考 : 活版からDTPまで,中西秀彦,印刷学会出版部,2011,"Held in Harvard-Yenching Library, Harvard University",https://id.lib.harvard.edu/alma/990135130350203941/catalog
9784055008167 9784058111857,心に響くあの人のことば 第2期 4 (社会の役に立つ。),押谷由夫,学研教育出版,2011,Not Found,No Link
9784309762739,図説指輪の文化史,浜本隆志,河出書房新社,2018,Not Found,No Link
4338174226,ジュリエッタ荘の幽霊,ベアトリーチェ・ソリナス・ドンギ,小峰書店,2005,Not Found,No Link
9784846015619,アメリカ映画のイデオロギー : 視覚と娯楽の政治学,"細谷等,",論創社,2016,Not Found,No Link
9784585222743,ニコラエフスクの日本人虐殺 : 一九二○年、尼港事件の真実,アナトーリー・グートマン,勉誠出版,2020,Not Found,No Link
9784880083865,睡蓮の池 : ステフィとネッリの物語,アニカ・トール,新宿書房,2008,Not Found,No Link
9784762995651,敦煌・吐魯番文書の世界とその時代,"土肥義和,",東洋文庫,2017,"Held in Harvard-Yenching Library, Harvard University",https://id.lib.harvard.edu/alma/990150412680203941/catalog
9784809702860,敦煌・吐魯番文書の世界とその時代,"土肥義和,",東洋文庫中央アジア研究班,2017,Not Found,No Link
9784930785657,エスペラント運動を考える : la movado誌から,小西岳,日本エスペラント図書刊行会,2016,Not Found,No Link
9784766420807,井筒俊彦全集 第10巻,井筒俊彦,慶應義塾大学出版会,2015,Not Found,No Link
4894345447,満鉄調査部の軌跡 : 1907-1945,小林英夫,藤原書店,2006,"Held in Harvard-Yenching Library, Harvard University",https://id.lib.harvard.edu/alma/990102840240203941/catalog
9784621087190,人の移動事典 : 日本からアジアへ・アジアから日本へ,吉原和男,丸善出版,2013,"Held in Harvard-Yenching Library, Harvard University",https://id.lib.harvard.edu/alma/990139022950203941/catalog
9784805108901,旅の博物誌,樺山紘一,千倉書房,2007,Not Found,No Link
9784780719659,歴史を歩くワルシャワ : 国王選挙の始まりから1944年8月蜂起前まで,尾崎俊二,戸倉書院,2020,Not Found,No Link
4794899599,世界の福祉国家 : 課題と将来,"白鳥令,",新評論,2002,Not Found,No Link
9784406050692,地球の心はなに思う,日本児童文学者協会,新日本出版社,2007,Not Found,No Link
4873788862,ことばの標 : 平井昭徳君追悼論文集,"大津隆広,",九州大学出版会,2005,Not Found,No Link
nan,文学における女性と暴力,福岡女子大学文学研究会,福岡女子大学文学研究会,2006,Not Found,No Link
9784894349186,岡田英弘著作集 1 (歴史とは何か),岡田英弘,藤原書店,2013,"Held in Harvard-Yenching Library, Harvard University",https://id.lib.harvard.edu/alma/990137437520203941/catalog
9784894349353,岡田英弘著作集 2 (世界史とは何か),岡田英弘,藤原書店,2013,"Held in Harvard-Yenching Library, Harvard University",https://id.lib.harvard.edu/alma/990137437520203941/catalog
9784865591637,クラシックでわかる世界史 : 時代を生きた作曲家、歴史を変えた名曲 新版,西原稔,アルテスパブリッシング,2017,Not Found,No Link
nan,世界の文学 : 名作への招待 68,,朝日新聞社,2000,Not Found,No Link
9784344415164,小川洋子対話集,小川洋子,幻冬舎,2010,Not Found,No Link
9784790414094,小島ゆかり歌集,小島ゆかり,砂子屋書房,2012,Not Found,No Link
4899751346,小島ゆかり作品集,小島ゆかり,柊書房,2005,Not Found,No Link
4622070847,パレスチナ問題,エドワード・W.サイード,みすず書房,2004,Not Found,No Link
nan,"帝国・戦争・「愛国心」に関する比較研究 = Comparative studies on empire, war and ""patriotism""",栗田禎子,千葉大学大学院人文社会科学研究科,2014,Not Found,No Link
9784750330952,ヨーロッパ・ロシア・アメリカのディアスポラ,"駒井洋,",明石書店,2009,Not Found,No Link
9784990093785,私たちの父アブラハム : ここにあった!信仰の原点,マービン・R.,B.F.P. Japan,2015,Not Found,No Link
9784400127444,ヨハネ福音書を読む : ユダヤ教からキリスト教へ : 聖書に学ぶ,泉治典,新教出版社,2008,Not Found,No Link
9784582702910,ボヘミアの〈儀式殺人〉 = Der〉Ritualmord〈in Böhmen. : フロイト・クラウス・カフカ,平野嘉彦,平凡社,2012,Not Found,No Link
9784915730962,廃墟のテクスト : 亡命詩人ヨシフ・ブロツキイと現代,竹内恵子,成文社,2013,Not Found,No Link
9784938907488,聖書は日本神話の続きだった!,佐野雄二,ハギジン出版,2008,Not Found,No Link
488086160X,カナンの呪い : 寄生虫ユダヤ3000年の悪魔学,ユースタス・マリンズ,成甲書房,2004,"Held in Harvard-Yenching Library, Harvard University",https://id.lib.harvard.edu/alma/990102636380203941/catalog
9784880863283,カナンの呪い : 寄生虫ユダヤ3000年の悪魔学 新版,ユースタス・マリンズ,成甲書房,2015,Not Found,No Link
9784000612555,「投壜通信」の詩人たち : 〈詩の危機〉からホロコーストへ,細見和之,岩波書店,2018,"Held in Widener Library, Harvard University",https://id.lib.harvard.edu/alma/99155178191403941/catalog
9784876988501,書き替えられた聖書 : 新しいモーセ像を求めて,秦剛平,京都大学学術出版会,2010,Not Found,No Link
9784480074065,疫病の精神史 : ユダヤ・キリスト教の穢れと救い,竹下節子,筑摩書房,2021,"Held in Widener Library, Harvard University",https://id.lib.harvard.edu/alma/99156366574403941/catalog
9784623080946,せめぎあう中東欧・ロシアの歴史認識問題 : ナチズムと社会主義の過去をめぐる葛藤,橋本伸也,ミネルヴァ書房,2017,Not Found,No Link
9784764274242,ヒエロニュムスの聖書翻訳,加藤哲平,教文館,2018,Not Found,No Link
9784811321714,コルチャック先生 : 子どもの権利を求めて,フィリップ・メリュ,汐文社,2015,Not Found,No Link
9784812213582,ロシア帝国の民族知識人 : 大学・学知・ネットワーク,橋本伸也,昭和堂,2014,Not Found,No Link
9784862658524,魚食から文化を知る : ユダヤ教、キリスト教、イスラム文化と日本,平川敬治,鳥影社,2020,"Held in Harvard-Yenching Library, Harvard University",https://id.lib.harvard.edu/alma/99155745106803941/catalog
nan,『野ねずみエイモス 』プログラム,モシェ・イズラエリ,シアターX,2002,Not Found,No Link
9784908878114,國際秘密力の研究 : 【リアル版】戦争は奴らが作っている 上,船瀬俊介,ともはつよし社,2017,Not Found,No Link
9784062763240,特殊防諜班標的反撃,今野敏,講談社,2009,Not Found,No Link
nan,特別公開企画アフター・メタヒストリー : ヘイドン・ホワイト教授のポストモダニズム講義,"吉田寛,",立命館大学グローバルCOEプログラム「生存学」創成拠点,2010,Not Found,No Link
9784861821745,エクストラテリトリアル,西成彦,作品社,2008,Not Found,No Link
9784309206875,コドモノセカイ,岸本佐知子,河出書房新社,2015,Not Found,No Link
9784888666428,法と文化 : 文化財保護への司法的挑戦,ホルヘ・サンチェス=コルデロ,西田書店,2019,Not Found,No Link
nan,"キリスト教人間学の試み : ギリシア的思惟とヘブライ的思惟についての考察 : 秋田稔教授講義録 : 1963-1965, ICU",秋田稔,[谷敦雄],2015,Not Found,No Link
9784764273733,ドイツ告白教会の説教,加藤常昭,教文館,2013,Not Found,No Link
9784863760745,新井明選集 第3巻,新井明,リトン,2019,Not Found,No Link
9784585385226,論究日本近代語 第2集,日本近代語研究会,勉誠出版,2022,Not Found,No Link
9784624936129,加藤尚武著作集 第12巻,加藤尚武,未來社,2019,"Held in Harvard-Yenching Library, Harvard University",https://id.lib.harvard.edu/alma/990152682960203941/catalog
4766413105,民族の表象 : 歴史・メディア・国家,羽田功,慶應義塾大学出版会,2006,Not Found,No Link
9784818410121,パウロと律法,ヴェロニカ・コペルスキ,日本キリスト教団出版局,2021,Not Found,No Link
nan,「勝手に」ここなつファン感謝祭,,ふらいでぃっしゅ,2018,Not Found,No Link
9784863760295,文化接触の創造力,久保田浩,リトン,2013,Not Found,No Link
nan,交錯するアート・メディア = Crossing arts and media : 大阪大学グローバルCOEプログラムコンフリクトの人文学国際研究教育拠点2007-2009年度報告書,"伊東信宏,",大阪大学グローバルCOEプログラムコンフリクトの人文学国際研究教育拠点,2010,Not Found,No Link
4591085287,ルパン対ホームズ,モーリス・ルブラン,ポプラ社,2005,Not Found,No Link
9784151757563,ルパン対ホームズ,モーリス・ルブラン,早川書房,2015,Not Found,No Link
9784167904920,学校では教えない「社会人のための現代史」,池上彰,文藝春秋,2015,Not Found,No Link
9784771033405,中東諸国民の国際秩序観 = World Order from the People's Perspective in the Middle East : 世論調査による国際関係認識と越境移動経験・意識の計量分析,"浜中新吾,",晃洋書房,2020,Not Found,No Link
4779500982,悪と暴力の倫理学,"熊野純彦,",ナカニシヤ出版,2006,"Held in Harvard-Yenching Library, Harvard University",https://id.lib.harvard.edu/alma/990125472540203941/catalog
9784807417100,シャルリ・エブド事件を読み解く : 世界の自由思想家たちがフランス版9.11を問う,ケヴィン・バレット,第三書館,2017,Not Found,No Link
9784622078326,サルなりに思い出す事など : 神経科学者がヒヒと暮らした奇天烈な日々,ロバート・M・サポルスキー,みすず書房,2014,Not Found,No Link
9784537257625,亡国のインテリジェンス : 「武器なき戦争」と日本の未来,仮野忠男,日本文芸社,2010,Not Found,No Link
4622071630,オスロからイラクへ,エドワード・W.サイード,みすず書房,2005,Not Found,No Link
9784585225119,ジェノサイドと現代世界,"石田勇治,",勉誠出版,2011,Not Found,No Link
9784805761694,グローバル化と文化の横断,"三浦信孝,",中央大学出版部,2008,Not Found,No Link
nan,ハリウッドの野望とドイツ国民映画の危機 : <パルファメト協定>をめぐる問題群,"田中雄次,",[田中雄次],2004,Not Found,No Link
nan,私たちは戦争体験をどのように受けとめ、引き継げばよいのか : 青山学院大学・女子短期大学・高等部共催第三回学内公開フォーラム : 記録報告書,同フォーラム実行委員会,青山学院大学,2007,Not Found,No Link
9784903425795,ケルゼン研究 3,長尾龍一,慈学社出版,2013,Held in None,https://id.lib.harvard.edu/alma/990098775560203941/catalog
9784910080055,「問う」を学ぶ : 答えなき時代の学問,加藤哲彦,トイビト,2021,"Held in Harvard-Yenching Library, Harvard University",https://id.lib.harvard.edu/alma/99156084643303941/catalog
9784560097564,異なる声に耳を澄ませる,東京大学教養学部,白水社,2020,"Held in Harvard-Yenching Library, Harvard University",https://id.lib.harvard.edu/alma/99155202042603941/catalog
4901909274,ディアスポラの文学,原研二,日本独文学会,2004,Not Found,No Link
nan,戦後70年目のシベリア抑留中死亡者慰霊巡拝 : かすかな記憶から確かな記録を残す,,平成27年度旧ソ連抑留中死亡者慰霊巡拝者一同 (ハバロフスク地方・ユダヤ自治州),2015,Not Found,No Link
9784130101523,イメージの記憶(かげ) = THE MEMORIES SHADOWS OF IMAGES : 危機のしるし,田中純,東京大学出版会,2022,"Held in Harvard-Yenching Library, Harvard University",https://id.lib.harvard.edu/alma/99156348170103941/catalog
9784062151078,民族化する創価学会 : ユダヤ人の来た道をたどる人々,島田裕巳,講談社,2008,"Held in Harvard-Yenching Library, Harvard University",https://id.lib.harvard.edu/alma/990119857960203941/catalog
9784864051446,ナチス映画論 : ヒトラー・キッチュ・現代,"渋谷哲也,",森話社,2019,Not Found,No Link
4400321231,平和の神学 : 1938-1965,パウル・ティリッヒ,新教出版社,2003,Not Found,No Link
nan,現代英文学が志向する「平和構築」の可能性 : 歴史観・政治意識・倫理の表象研究,"早川敦子,",[早川敦子],2005,Not Found,No Link
4000112333,宗教史の可能性,池上良正,岩波書店,2004,Not Found,No Link
9784623049462,権力と暴力,"古矢旬,",ミネルヴァ書房,2007,Not Found,No Link
9784904575536,多文化社会読本 : 多様なる世界、多様なる日本,"長谷部美佳,",東京外国語大学出版会,2016,"Held in Harvard-Yenching Library, Harvard University",https://id.lib.harvard.edu/alma/990148034470203941/catalog
9784750330112,ディアスポラから世界を読む : 離散を架橋するために,"赤尾光春,",明石書店,2009,Not Found,No Link
4783716110,「赤い家」物語,小岸昭,思潮社,2002,Not Found,No Link
4000247530,暴力の屈折 : 記憶と視覚の力学,マーティン・ジェイ,岩波書店,2004,Not Found,No Link
9784861104077,地域と越境 : 「共生」の社会経済史,"内田日出海,",春風社,2014,Not Found,No Link
9784622088578,フランクフルト学派のナチ・ドイツ秘密レポート,"ノイマン,",みすず書房,2019,Not Found,No Link
9784814001927,トラウマ研究 2: トラウマを共有する,"田中雅一,",京都大学学術出版会,2019,Not Found,No Link
459107594X,心うたれるほんとうにあった話2年生 : 「えがおでゴール」ほか,川村たかし,ポプラ社,2003,Not Found,No Link
9784751522066,あなたはそっとやってくる,ジャクリーン・ウッドソン,あすなろ書房,2008,Not Found,No Link
9784876561360,聖歌のめぐみ : 詩に込められた祈りと心情,天野照枝,光言社,2008,Not Found,No Link
nan,太陽をめぐる日時計の旅,沖允人,日本日時計の会,2013,Not Found,No Link
9784591121450,城,"ムシル,",ポプラ社,2010,Not Found,No Link
9784594085322,左翼グローバリズムとの対決,田中英道,育鵬社,2020,Not Found,No Link
4434035819,かわいいホロコースト,田中エリス,ミッドナイト・プレス,2003,Not Found,No Link
4791757920,悪魔の起源,エレーヌ・ペイゲルス,青土社,2000,Not Found,No Link
nan,書物の装い,安形麻理,慶應義塾大学文学部,2019,Not Found,No Link
9784906873425,そのつどの今,新田章,悠光堂,2015,Not Found,No Link
9784862657237,東ドイツ映画 : デーファと映画史,ゼバスティアン・ハイドゥシュケ,鳥影社・ロゴス企画,2018,Not Found,No Link
nan,教育と文化 : 高山信雄教授古稀記念論文集,,高山信雄教授古稀記念論文集刊行会,2004,Not Found,No Link
nan,「人間の尊厳と共生」の教育研究,福田,「人間の尊厳と共生」の教育・課題研究委員会,2002,Not Found,No Link
9784812207260,帝国と学校,"駒込武,",昭和堂,2007,"Held in Harvard-Yenching Library, Harvard University",https://id.lib.harvard.edu/alma/990113231520203941/catalog
9784764711365,英文学と他者,二十世紀英文学研究会,二十世紀英文学研究会,2014,Not Found,No Link
4860181077,環境と宗教,"溝口次夫,",環境新聞社,2006,Not Found,No Link
9784846107062,永遠の絶滅収容所 : 動物虐待とホロコースト,チャールズ・パターソン,緑風出版,2007,Not Found,No Link
9784783716877,希望のエートス : 3・11以後,神山睦美,思潮社,2013,Not Found,No Link
4582702473,フロイトと非-ヨーロッパ人,エドワード・W.サイード,平凡社,2003,Not Found,No Link
9784271210276,ことばから文学へ,市川郢康,大阪教育図書,2014,Not Found,No Link
9784864711708,《ムーとユダヤ》そして《シリウス・プレアデス・オリオン》の宇宙神々の系譜 : 2014:隠れ神JAPAN〈超〉復活 : 日本の神社・聖地に封印された《太古神/真正神》を解き放て!,山田雅晴,ヒカルランド,2013,Not Found,No Link
9784584138380,世界を動かした「偽書(フェイク)」の歴史,中川右介,ベストセラーズ,2018,Not Found,No Link
9784624011970,ホモ・コントリビューエンス : 滝久雄・貢献する気持ちの研究,加藤尚武,未來社,2017,Not Found,No Link
9784584139103,ビジネス脳のつくりかた : この先20年使えて「莫大な資産」を生み出す 新装版,藤田田,ベストセラーズ,2019,Not Found,No Link
9784798913179,ミュージアムと負の記憶 : 戦争・公害・疾病・災害:人類の負の記憶をどう展示するか,竹沢尚一郎,東信堂,2015,"Held in Harvard-Yenching Library, Harvard University",https://id.lib.harvard.edu/alma/990146143210203941/catalog
4947668652,生と死の神話,松村一男,リトン,2004,Not Found,No Link
9784480431882,夜の読書,湯川豊,筑摩書房,2014,Not Found,No Link
4874408664,歴史家のパレット : 佐藤眞典先生御退職記念論集,佐藤眞典先生御退職記念論集準備会,渓水社,2005,Not Found,No Link
9784894517349,頭で考える前に「やってみた」人が、うまくいく = ACTIONS SPEAK LOUDER THAN WORDS. : ユダヤ人も華僑も凌駕する「ジュガール」の法則,サチン・チョードリー,フォレスト出版,2016,Not Found,No Link
9784887084216,国家の周縁 : 特権・ネットワーク・共生の比較社会史,"田村愛理,",刀水書房,2015,"Held in Harvard-Yenching Library, Harvard University",https://id.lib.harvard.edu/alma/990144441560203941/catalog
9784560083574,読書礼讃,アルベルト・マングェル,白水社,2014,Not Found,No Link
9784000246903,プシュケー : 他なるものの発明 2,ジャック・デリダ,岩波書店,2019,Not Found,No Link
4560048878 4560048932,螺鈿の手箱 : 短篇集 新装復刊,アナトール・フランス,白水社,2000,Not Found,No Link
4771018006,日中戦争を読む,中村哲夫,晃洋書房,2006,"Held in Harvard-Yenching Library, Harvard University",https://id.lib.harvard.edu/alma/990102860670203941/catalog
4875655274,二十一世紀日本がイスラエルになる日 : 終末は近づけり!地球温暖化への最終警告!!,田島聖士,今日の話題社,2002,Not Found,No Link
4650902169,躍動する古代ローマ世界 : 支配と解放運動をめぐって : 土井正興先生追悼論文集,倉橋良伸,理想社,2002,Not Found,No Link
4792332044,行政の未来 : 片岡寛光先生古稀祝賀,"寄本勝美,",成文堂,2006,Not Found,No Link
9784875715825,ことばの響き : 英語フィロロジーと言語学,"今井光規,",開文社出版,2008,Not Found,No Link
9784800252883,10分で読める世界一の怪盗ルパン,モーリス・ルブラン,宝島社,2016,Not Found,No Link
9784766420784,井筒俊彦全集〈第８巻〉意味の深みへ,井筒俊彦,慶應義塾大学出版会,2014,Not Found,No Link
4916087704,文化としての暴力,"服藤早苗,",森話社,2006,"Held in Harvard-Yenching Library, Harvard University",https://id.lib.harvard.edu/alma/990107771900203941/catalog
4845109972,視覚表象と集合的記憶 : 歴史・現在・戦争,森村敏己,旬報社,2006,"Held in Harvard-Yenching Library, Harvard University",https://id.lib.harvard.edu/alma/990101938840203941/catalog
9784905319627,思想戦と国際秘密結社,北条清一,経営科学出版,2021,Not Found,No Link
9784755302831,戦争・文学・表象: 試される英語圏作家たち,"福田敬子,",音羽書房鶴見書店,2015,Not Found,No Link
4569630847,人間にとって法とは何か,橋爪大三郎,PHP研究所,2003,"Held in Harvard-Yenching Library, Harvard University",https://id.lib.harvard.edu/alma/990098249210203941/catalog
9784864710039,なぜ日本中枢の超パワーは「天皇」なのか : 日本とユダヤの超結び : 中心を持つ国・核を抱く民がけっして滅びない宇宙的理由!,"ベン・アミー・シロニー,",ヒカルランド,2012,Not Found,No Link
483011052X,階層・移動と社会・文化変容,"奥山眞知,",文化書房博文社,2005,Not Found,No Link
9784622086147,精神の革命 : 急進的啓蒙と近代民主主義の知的起源,ジョナサン・イスラエル,みすず書房,2017,Not Found,No Link
9784062202510,ちいさなプリンセスソフィアはじめてがいっぱいのクリスマス,"ローリー・イスラエル,",講談社,2016,Not Found,No Link
9784582858655,一神教とは何か : キリスト教、ユダヤ教、イスラームを知るために,小原克博,平凡社,2018,Not Found,No Link
9784484182209,知っておきたい、世界の宗教。 : ユダヤ教/キリスト教/イスラム教/ヒンドゥー教/仏教/神道,ペン編集部,CCCメディアハウス,2018,Not Found,No Link
nan,地中海をわたる文化 : ギリシア・トルコ・キプロス・イスラエルの古代遺跡,"天理大学文学部考古学・民俗学研究室,",天理大学,2008,Not Found,No Link
4877900349,ジュエリー貿易マニュアル 2003年版,JTC,柏書店松原,2003,Not Found,No Link
4877900438,ジュエリー貿易マニュアル 2004年版,JTC,柏書店松原,2004,Not Found,No Link
4877900535,ジュエリー貿易マニュアル 2005年版,JTC,柏書店松原,2005,Not Found,No Link
4877900632,ジュエリー貿易マニュアル 2006年版,JTC,柏書店松原,2006,Not Found,No Link
